{
  "__type__": "cc.SpriteFrame",
  "content": {
    "name": "3",
    "atlas": "",
    "rect": {
      "x": 0,
      "y": 7,
      "width": 619,
      "height": 583
    },
    "offset": {
      "x": -10.5,
      "y": 21.5
    },
    "originalSize": {
      "width": 640,
      "height": 640
    },
    "rotated": false,
    "capInsets": [
      0,
      0,
      0,
      0
    ],
    "vertices": {
      "rawPosition": [
        -309.5,
        -291.5,
        0,
        309.5,
        -291.5,
        0,
        -309.5,
        291.5,
        0,
        309.5,
        291.5,
        0
      ],
      "indexes": [
        0,
        1,
        2,
        2,
        1,
        3
      ],
      "uv": [
        0,
        633,
        619,
        633,
        0,
        50,
        619,
        50
      ],
      "nuv": [
        0,
        0.078125,
        0.9671875,
        0.078125,
        0,
        0.9890625,
        0.9671875,
        0.9890625
      ],
      "minPos": {
        "x": -309.5,
        "y": -291.5,
        "z": 0
      },
      "maxPos": {
        "x": 309.5,
        "y": 291.5,
        "z": 0
      }
    },
    "texture": "cfced953-94ae-4956-a9fa-6ffe998d1da1@6c48a",
    "packable": true,
    "pixelsToUnit": 100,
    "pivot": {
      "x": 0.5,
      "y": 0.5
    },
    "meshType": 0
  }
}