{
  "__version__": "1.0.1",
  "builder": {},
  "gizmos-infos": {
    "is2D": true,
    "is3DIcon": false,
    "iconSize": 2,
    "gridVisible": true,
    "gridColor": [
      166,
      166,
      166,
      255
    ],
    "transformToolName": "position",
    "pivot": "pivot",
    "coordinate": "local",
    "toolsVisibility3d": true
  },
  "snap-configs": {
    "position": {
      "x": 1,
      "y": 1,
      "z": 1
    },
    "rotation": 1,
    "scale": 1,
    "isPositionSnapEnabled": false,
    "isRotationSnapEnabled": false,
    "isScaleSnapEnabled": false
  },
  "rect-snap-configs": {
    "enableSnapping": true,
    "snapThreshold": 4
  },
  "float-window": {
    "position": {
      "cc": {
        "Camera": {
          "dock": false,
          "top": null,
          "bottom": 10,
          "left": null,
          "right": 10
        }
      }
    }
  },
  "camera-infos": {
    "6e4ef358-18c7-4336-832d-b7d6314fa0e9": {
      "position": {
        "x": 12.857328588561401,
        "y": 12.857328588561394,
        "z": 12.857328588561394
      },
      "rotation": {
        "x": -0.27984814233312133,
        "y": 0.3647051996310009,
        "z": 0.11591689595929512,
        "w": 0.8804762392171493
      },
      "viewCenter": {
        "x": 0,
        "y": 0,
        "z": 0
      },
      "contentRect": {
        "x": 0,
        "y": 0,
        "width": 1700,
        "height": 1116
      },
      "scale": 1
    },
    "47e58450-c5b6-42d0-a71c-a53764a1ccfc": {
      "position": {
        "x": 714.5233333333333,
        "y": 477.1433333333333,
        "z": 5000
      },
      "rotation": {
        "x": 0,
        "y": 0,
        "z": 0,
        "w": 1
      },
      "viewCenter": {
        "x": 0,
        "y": 0,
        "z": 0
      },
      "contentRect": {
        "x": 1500,
        "y": 1000.0000000000001,
        "width": 2100,
        "height": 1400
      },
      "scale": 0.7
    },
    "281ed7ca-dc3e-49ea-95a2-3c90d7d6e583": {
      "position": {
        "x": 692.4265124824135,
        "y": 313.9828610251478,
        "z": 5000
      },
      "rotation": {
        "x": 0,
        "y": 0,
        "z": 0,
        "w": 1
      },
      "viewCenter": {
        "x": 0,
        "y": 0,
        "z": 0
      },
      "contentRect": {
        "x": 570.3318612155001,
        "y": 283.2150089058856,
        "width": 1190,
        "height": 299.8799999999999
      },
      "scale": 4.873268352265975
    },
    "08255fa8-6405-43f5-a648-49bd6e389aed": {
      "position": {
        "x": 301.395,
        "y": 170.27166666666668,
        "z": 5000
      },
      "rotation": {
        "x": 0,
        "y": 0,
        "z": 0,
        "w": 1
      },
      "viewCenter": {
        "x": 0,
        "y": 0,
        "z": 0
      },
      "contentRect": {
        "x": 640,
        "y": 360,
        "width": 896,
        "height": 504
      },
      "scale": 0.7
    },
    "5d49ad13-3306-4cdf-88c9-cb5ed1516abd": {
      "position": {
        "x": 221.51999999999992,
        "y": 125.14666666666662,
        "z": 5000
      },
      "rotation": {
        "x": 0,
        "y": 0,
        "z": 0,
        "w": 1
      },
      "viewCenter": {
        "x": 0,
        "y": 0,
        "z": 0
      },
      "contentRect": {
        "x": 640,
        "y": 360,
        "width": 896,
        "height": 504
      },
      "scale": 0.7
    },
    "20cbd83b-6880-4999-9da5-22186fc9fea8": {
      "position": {
        "x": 98.55008384960001,
        "y": 79.65006776885446,
        "z": 5000
      },
      "rotation": {
        "x": 0,
        "y": 0,
        "z": 0,
        "w": 1
      },
      "viewCenter": {
        "x": 0,
        "y": 0,
        "z": 0
      },
      "contentRect": {
        "x": 98.5500838496,
        "y": 79.65006776885443,
        "width": 0,
        "height": 0
      },
      "scale": 0.5263155773547191
    },
    "49d5f4a7-d958-4e64-867d-f0eb81f4418b": {
      "position": {
        "x": 57.42333333333329,
        "y": 38.40999999999997,
        "z": 5000
      },
      "rotation": {
        "x": 0,
        "y": 0,
        "z": 0,
        "w": 1
      },
      "viewCenter": {
        "x": 0,
        "y": 0,
        "z": 0
      },
      "contentRect": {
        "x": 750,
        "y": 500.00000000000006,
        "width": 1050,
        "height": 700
      },
      "scale": 0.7
    },
    "86fa4308-6427-4f8f-b6cf-639b25c1a688": {
      "position": {
        "x": 506.5,
        "y": 329.5,
        "z": 5000
      },
      "rotation": {
        "x": 0,
        "y": 0,
        "z": 0,
        "w": 1
      },
      "viewCenter": {
        "x": 0,
        "y": 0,
        "z": 0
      },
      "contentRect": {
        "x": 0,
        "y": 0,
        "width": 709.1,
        "height": 461.3
      },
      "scale": 0.7000000000000001
    },
    "3e264d65-57d5-46a5-b396-c97c878dfe85": {
      "position": {
        "x": 640,
        "y": 359.99999999999994,
        "z": 5000
      },
      "rotation": {
        "x": 0,
        "y": 0,
        "z": 0,
        "w": 1
      },
      "viewCenter": {
        "x": 0,
        "y": 0,
        "z": 0
      },
      "contentRect": {
        "x": 0,
        "y": -56.34748272458049,
        "width": 709.1,
        "height": 398.86875
      },
      "scale": 0.553984375
    },
    "7de1dceb-b41e-4d12-b704-26cdcc8d2de2": {
      "position": {
        "x": 320.565,
        "y": 181.10166666666666,
        "z": 5000
      },
      "rotation": {
        "x": 0,
        "y": 0,
        "z": 0,
        "w": 1
      },
      "viewCenter": {
        "x": 0,
        "y": 0,
        "z": 0
      },
      "contentRect": {
        "x": 640,
        "y": 360,
        "width": 896,
        "height": 504
      },
      "scale": 0.7
    },
    "9eee28cb-2711-4fa4-ac88-c0c0392647c5": {
      "position": {
        "x": 208.09749999999997,
        "y": 130.08666666666664,
        "z": 5000
      },
      "rotation": {
        "x": 0,
        "y": 0,
        "z": 0,
        "w": 1
      },
      "viewCenter": {
        "x": 0,
        "y": 0,
        "z": 0
      },
      "contentRect": {
        "x": 506.49999999999994,
        "y": 314.99999999999994,
        "width": 709.1,
        "height": 441
      },
      "scale": 0.7000000000000001
    },
    "dfb88b86-7288-43c3-9661-cc0f9600ab4b": {
      "position": {
        "x": 231.10500000000002,
        "y": 130.56166666666667,
        "z": 5000
      },
      "rotation": {
        "x": 0,
        "y": 0,
        "z": 0,
        "w": 1
      },
      "viewCenter": {
        "x": 0,
        "y": 0,
        "z": 0
      },
      "contentRect": {
        "x": 640,
        "y": 360,
        "width": 896,
        "height": 504
      },
      "scale": 0.7
    },
    "980df2dc-0724-40fd-842d-577f993d9a68": {
      "position": {
        "x": 285.42,
        "y": 161.24666666666667,
        "z": 5000
      },
      "rotation": {
        "x": 0,
        "y": 0,
        "z": 0,
        "w": 1
      },
      "viewCenter": {
        "x": 0,
        "y": 0,
        "z": 0
      },
      "contentRect": {
        "x": 640,
        "y": 360,
        "width": 896,
        "height": 504
      },
      "scale": 0.7
    },
    "54ac36c5-50d0-4f96-b3a7-d506bb8abbfd": {
      "position": {
        "x": 419.60999999999996,
        "y": 237.05666666666664,
        "z": 5000
      },
      "rotation": {
        "x": 0,
        "y": 0,
        "z": 0,
        "w": 1
      },
      "viewCenter": {
        "x": 0,
        "y": 0,
        "z": 0
      },
      "contentRect": {
        "x": 640,
        "y": 360,
        "width": 896,
        "height": 504
      },
      "scale": 0.7
    },
    "75e36f7a-aa97-4dfc-ad16-e71c301fb9cb": {
      "position": {
        "x": 164.66666666666666,
        "y": 93.48,
        "z": 5000
      },
      "rotation": {
        "x": 0,
        "y": 0,
        "z": 0,
        "w": 1
      },
      "viewCenter": {
        "x": 0,
        "y": 0,
        "z": 0
      },
      "contentRect": {
        "x": 326,